date,total_original,food_retailing_sa,household_goods_retailing_sa,clothing_footwear_and_personal_accessory_retailing_sa,department_stores_sa,other_retailing_sa,cafes_restaurants_and_takeaway_food_services_sa,total_seasonally_adjusted,total_trend,year,month,total_sa_yoy_pct,total_sa_12m_ma
1982-04-01,3396.4,1166.8,653.4,360.6,480.4,507.8,349.7,3518.7,3523.4,1982,4,,
1982-05-01,3497.9,1178.2,648.7,362.5,489.9,502.2,346.3,3527.6,3533.6,1982,5,,
1982-06-01,3357.8,1203.4,655.7,365.1,479.8,506.8,350.8,3561.5,3547.0,1982,6,,
1982-07-01,3486.8,1209.5,660.5,361.9,476.9,503.6,341.5,3553.9,3560.6,1982,7,,
1982-08-01,3355.9,1198.2,659.8,359.2,516.1,505.9,342.6,3581.8,3573.6,1982,8,,
1982-09-01,3454.3,1217.8,661.6,363.8,485.3,506.2,346.5,3581.2,3586.7,1982,9,,
1982-10-01,3551.5,1242.1,649.5,359.0,483.0,507.9,354.1,3595.6,3605.8,1982,10,,
1982-11-01,3830.5,1260.1,658.1,375.0,488.8,509.5,360.1,3651.7,3637.7,1982,11,,
1982-12-01,5179.7,1245.4,670.3,375.8,479.2,517.9,361.8,3650.4,3681.0,1982,12,,
1983-01-01,3384.5,1240.9,703.2,386.2,470.4,525.7,369.4,3695.6,3729.5,1983,1,,
1983-02-01,3369.8,1311.9,712.4,379.1,503.3,536.4,377.9,3821.0,3773.4,1983,2,,
1983-03-01,3805.3,1293.2,728.2,395.2,503.3,536.9,366.0,3822.8,3807.6,1983,3,,3630.15
1983-04-01,3665.1,1301.1,722.3,423.9,537.5,536.0,364.4,3885.2,3831.1,1983,4,10.415778554579823,3660.691666666667
1983-05-01,3760.0,1293.7,710.0,390.3,494.0,538.4,366.7,3793.2,3848.5,1983,5,7.529198321805186,3682.8249999999994
1983-06-01,3630.8,1308.6,713.9,396.2,505.2,546.1,369.3,3839.4,3865.1,1983,6,7.802892039870835,3705.983333333333
1983-07-01,3686.5,1330.6,706.1,402.0,507.4,549.1,375.9,3871.1,3885.6,1983,7,8.92540589211852,3732.4166666666665
1983-08-01,3816.3,1349.4,733.8,406.3,516.8,559.8,379.4,3945.5,3912.6,1983,8,10.154112457423636,3762.725
1983-09-01,3823.4,1353.3,727.2,418.2,508.2,564.4,380.0,3951.4,3942.9,1983,9,10.33731710041328,3793.5750000000003
1983-10-01,3878.7,1362.2,739.9,406.2,526.6,565.3,372.2,3972.3,3971.4,1983,10,10.47669373678941,3824.9666666666667
1983-11-01,4211.5,1377.3,744.2,399.1,521.0,567.0,374.8,3983.3,3996.3,1983,11,9.080702138729912,3852.6
1983-12-01,5684.3,1383.1,750.3,413.5,515.2,572.5,383.1,4017.6,4018.8,1983,12,10.05917159763312,3883.2000000000003
1984-01-01,3698.5,1368.8,771.5,421.1,510.0,576.7,391.2,4039.3,4040.1,1984,1,9.300248944690992,3911.8416666666667
1984-02-01,3733.2,1368.9,768.7,421.4,531.1,577.8,393.3,4061.2,4061.2,1984,2,6.2863124836430195,3931.8583333333336
1984-03-01,4010.9,1363.0,773.5,444.0,534.6,582.7,401.1,4098.9,4082.3,1984,3,7.222454745212925,3954.8666666666663
1984-04-01,3788.4,1402.3,734.4,430.9,542.3,584.1,403.8,4097.7,4101.7,1984,4,5.469473900957489,3972.5750000000003
1984-05-01,4242.3,1400.5,741.7,431.6,547.7,589.3,411.5,4122.3,4120.1,1984,5,8.676051882315727,4000.0
1984-06-01,3872.1,1407.0,731.3,419.1,545.6,585.6,404.5,4093.2,4139.1,1984,6,6.610407876230662,4021.15
1984-07-01,3978.0,1427.7,763.3,434.4,593.7,595.8,408.8,4223.6,4160.4,1984,7,9.105938880421593,4050.525
1984-08-01,4096.1,1425.5,750.3,434.1,559.4,589.1,406.8,4165.1,4184.7,1984,8,5.565834494994304,4068.8250000000003
1984-09-01,3901.4,1427.3,751.7,429.0,579.5,596.6,408.8,4192.8,4212.2,1984,9,6.109227109378956,4088.941666666667
1984-10-01,4274.0,1442.5,762.7,440.0,576.9,608.4,414.2,4244.7,4241.5,1984,10,6.857488105128007,4111.641666666666
1984-11-01,4557.1,1456.7,775.7,442.9,578.2,617.5,416.0,4287.0,4270.9,1984,11,7.6243315843647075,4136.95
1984-12-01,5847.5,1469.1,778.3,441.2,581.0,612.9,419.1,4301.7,4303.0,1984,12,7.071385902031069,4160.625
1985-01-01,4130.0,1488.4,764.1,455.0,596.2,618.4,418.9,4341.1,4339.8,1985,1,7.4715916124080906,4185.775000000001
1985-02-01,3856.8,1492.6,766.4,466.5,607.1,620.9,425.8,4379.3,4383.3,1985,2,7.832660297449046,4212.283333333333
1985-03-01,4196.9,1497.5,793.2,459.6,604.6,624.2,427.6,4406.6,4431.0,1985,3,7.506892093000572,4237.925
1985-04-01,4228.9,1513.3,813.9,467.3,624.7,621.6,436.0,4476.7,4482.6,1985,4,9.249090953461693,4269.508333333333
1985-05-01,4739.1,1535.3,831.3,481.0,656.1,632.5,440.4,4576.7,4535.2,1985,5,11.02297261237657,4307.375
1985-06-01,4190.3,1543.0,829.8,487.8,633.0,639.1,442.3,4575.1,4586.1,1985,6,11.773184794292991,4347.533333333334
1985-07-01,4514.6,1589.5,834.2,486.0,636.6,648.0,455.1,4649.3,4635.5,1985,7,10.079079458282036,4383.008333333333
1985-08-01,4566.3,1574.0,832.4,493.5,639.6,651.9,464.1,4655.3,4684.6,1985,8,11.769225228685976,4423.858333333334
1985-09-01,4380.3,1606.7,851.6,490.0,646.4,656.4,470.6,4721.8,4734.3,1985,9,12.616867010112575,4467.941666666667
1985-10-01,4857.7,1627.2,864.4,509.2,649.0,657.3,481.0,4788.2,4779.9,1985,10,12.80420288830777,4513.233333333334
1985-11-01,5105.0,1623.0,890.5,519.3,644.3,669.9,484.3,4831.2,4814.7,1985,11,12.694191742477257,4558.583333333333
1985-12-01,6628.2,1647.2,895.3,515.4,652.3,681.0,486.0,4877.1,4839.5,1985,12,13.376107120440771,4606.533333333334
1986-01-01,4674.9,1652.5,870.5,498.5,664.1,681.7,493.5,4860.9,4860.4,1986,1,11.973923659901843,4649.849999999999
1986-02-01,4294.1,1666.7,874.8,505.6,647.9,692.0,492.7,4879.8,4884.9,1986,2,11.428767154568087,4691.558333333333
1986-03-01,4528.0,1678.8,862.4,479.8,625.8,679.3,500.5,4826.5,4919.1,1986,3,9.528888485453635,4726.55
1986-04-01,4729.0,1694.8,897.9,511.1,643.8,701.3,511.6,4960.5,4967.1,1986,4,10.807067706122808,4766.866666666667
1986-05-01,5261.9,1723.9,918.2,533.9,705.7,708.3,528.0,5118.0,5024.2,1986,5,11.827299145672644,4811.975
1986-06-01,4637.8,1750.8,922.9,518.0,632.6,712.3,524.4,5060.9,5080.1,1986,6,10.6183471399532,4852.458333333333
1986-07-01,4989.5,1743.1,907.5,511.9,690.2,711.8,530.9,5095.5,5125.6,1986,7,9.597143656034234,4889.641666666667
1986-08-01,4923.8,1757.4,945.8,531.1,688.8,723.4,548.5,5195.0,5156.7,1986,8,11.593237814963576,4934.616666666667
1986-09-01,4962.2,1769.7,918.0,523.0,705.9,725.6,546.2,5188.3,5177.8,1986,9,9.87970689143971,4973.491666666667
1986-10-01,5305.1,1763.4,918.4,522.2,685.1,737.4,550.9,5177.3,5196.8,1986,10,8.126226974646023,5005.916666666667
1986-11-01,5303.5,1787.6,920.1,530.1,669.6,736.5,555.1,5199.0,5220.3,1986,11,7.613015399900647,5036.566666666667
1986-12-01,7340.0,1782.8,917.2,536.1,715.7,741.6,559.3,5252.8,5247.4,1986,12,7.703348301244595,5067.875
1987-01-01,5065.3,1807.4,928.9,518.6,705.8,753.0,563.2,5277.0,5275.2,1987,1,8.560143183361113,5102.55
1987-02-01,4679.8,1830.8,930.8,528.3,702.8,759.6,570.9,5323.2,5306.3,1987,2,9.0864379687692,5139.5
1987-03-01,4993.0,1833.7,939.2,538.4,711.8,756.9,563.9,5344.0,5341.5,1987,3,10.722055319589764,5182.625
1987-04-01,5166.0,1827.9,936.9,539.4,708.2,782.6,571.5,5366.6,5380.2,1987,4,8.186674730369937,5216.466666666666
1987-05-01,5386.3,1847.9,945.1,552.5,710.3,781.4,575.9,5413.0,5423.8,1987,5,5.763970300898791,5241.05
1987-06-01,5118.9,1854.2,951.4,551.3,723.2,789.0,576.4,5445.4,5470.8,1987,6,7.597462901855412,5273.091666666666
1987-07-01,5494.6,1850.9,976.6,575.0,760.9,792.2,598.3,5553.8,5519.7,1987,7,8.99421057796095,5311.283333333333
1987-08-01,5236.7,1881.4,998.6,574.8,724.3,804.3,598.3,5581.7,5564.9,1987,8,7.443695861405186,5343.508333333333
1987-09-01,5395.1,1883.5,1008.0,586.0,714.1,804.0,599.6,5595.2,5601.9,1987,9,7.842645953395122,5377.416666666667
1987-10-01,5744.4,1888.8,1032.5,577.4,720.6,801.0,605.8,5626.2,5630.0,1987,10,8.670542560794225,5414.825
1987-11-01,5745.0,1915.6,1030.8,569.1,720.0,804.5,612.8,5652.9,5652.9,1987,11,8.730525100980957,5452.65
1987-12-01,8022.4,1934.7,1032.7,570.7,739.3,810.7,623.0,5711.1,5677.6,1987,12,8.724870545233031,5490.841666666667
1988-01-01,5304.4,1904.1,1032.4,559.0,758.8,801.2,603.8,5659.4,5711.3,1988,1,7.246541595603562,5522.708333333333
1988-02-01,5226.8,1910.8,1065.6,612.6,739.4,810.1,612.3,5750.7,5755.8,1988,2,8.030883678990076,5558.333333333333
1988-03-01,5729.7,1950.4,1071.4,592.4,748.9,820.3,623.2,5806.5,5806.8,1988,3,8.654565868263475,5596.875
1988-04-01,5527.3,1982.0,1062.2,588.5,766.4,823.6,640.2,5862.7,5858.9,1988,4,9.244214213841161,5638.216666666667
1988-05-01,5787.8,1980.5,1102.0,596.4,764.7,842.1,650.7,5936.4,5908.5,1988,5,9.669314612968783,5681.833333333333
1988-06-01,5739.2,1984.8,1110.4,608.0,757.3,852.6,663.6,5976.7,5953.1,1988,6,9.756859000257112,5726.108333333334
1988-07-01,5722.7,1976.4,1100.3,611.1,752.6,856.3,672.1,5968.7,5992.9,1988,7,7.470560697180306,5760.683333333333
1988-08-01,5787.3,2009.0,1103.5,624.9,754.4,867.1,665.2,6024.2,6037.7,1988,8,7.927692280129706,5797.558333333333
1988-09-01,5946.3,2049.3,1083.6,653.0,765.3,868.4,659.0,6078.6,6095.0,1988,9,8.639548184157864,5837.841666666667
1988-10-01,6065.8,2075.0,1099.2,652.9,784.3,889.7,665.9,6166.9,6162.4,1988,10,9.610394227009355,5882.899999999999
1988-11-01,6470.9,2100.2,1124.2,633.7,795.5,904.3,653.9,6211.8,6234.6,1988,11,9.886960675051748,5929.474999999999
1988-12-01,8885.8,2132.4,1155.4,637.1,791.0,924.0,667.9,6307.8,6301.5,1988,12,10.448074801701935,5979.2
1989-01-01,5980.3,2135.1,1197.5,684.3,779.7,941.6,721.0,6459.3,6356.4,1989,1,14.134007138565941,6045.858333333334
1989-02-01,5574.1,2135.9,1161.6,652.4,762.1,913.7,713.3,6339.1,6400.6,1989,2,10.231797868085636,6094.891666666667
1989-03-01,6299.0,2156.3,1177.0,651.7,788.6,930.4,716.7,6420.8,6438.0,1989,3,10.579522948419884,6146.083333333333
1989-04-01,6075.7,2197.5,1199.9,655.5,780.5,941.1,719.1,6493.7,6475.5,1989,4,10.76295904617326,6198.666666666667
1989-05-01,6437.8,2173.2,1203.3,641.5,774.3,955.6,726.5,6474.6,6517.9,1989,5,9.066100667070964,6243.516666666666
1989-06-01,6377.4,2215.4,1205.1,663.1,808.7,954.4,750.0,6596.8,6565.1,1989,6,10.375290712265972,6295.191666666667
1989-07-01,6287.5,2245.1,1201.8,658.1,806.9,959.5,760.9,6632.3,6617.0,1989,7,11.117998894231572,6350.491666666668
1989-08-01,6436.4,2258.2,1191.0,646.5,816.5,965.3,753.4,6631.0,6669.4,1989,8,10.072706749443917,6401.058333333334
1989-09-01,6565.5,2292.5,1227.6,659.7,810.1,994.0,771.0,6754.9,6717.7,1989,9,11.125917151975774,6457.416666666667
1989-10-01,6605.4,2270.0,1222.7,653.5,807.1,988.9,789.7,6731.8,6762.3,1989,10,9.16019393860774,6504.491666666668
1989-11-01,7154.3,2283.5,1252.8,667.8,829.4,982.1,779.8,6795.4,6800.7,1989,11,9.395022376766793,6553.125
1989-12-01,9394.4,2371.2,1208.0,660.8,819.0,1006.0,822.1,6887.2,6831.1,1989,12,9.185452931291405,6601.408333333334
1990-01-01,6511.6,2315.1,1192.5,665.5,817.6,1015.0,836.2,6841.9,6857.3,1990,1,5.923242456612932,6633.291666666667
1990-02-01,6031.0,2352.9,1191.9,649.7,811.1,1026.1,823.6,6855.3,6880.4,1990,2,8.143111798204794,6676.308333333333
1990-03-01,6749.3,2364.2,1195.0,659.6,821.7,1021.6,841.8,6903.8,6905.2,1990,3,7.522427111886376,6716.558333333334
1990-04-01,6476.1,2374.1,1210.8,667.8,821.3,1016.8,834.8,6925.6,6933.1,1990,4,6.651061798358415,6752.549999999999
1990-05-01,6947.9,2390.7,1214.0,669.2,812.2,1035.3,825.5,6946.9,6959.0,1990,5,7.294659129521497,6791.908333333334
1990-06-01,6758.9,2425.3,1214.3,674.1,853.7,1016.6,838.6,7022.6,6979.2,1990,6,6.4546446762066445,6827.391666666666
1990-07-01,6573.5,2417.3,1197.4,673.8,818.3,1030.8,840.1,6977.7,6988.8,1990,7,5.207846448441722,6856.174999999999
1990-08-01,6911.2,2425.2,1200.5,680.7,846.4,1036.5,836.6,7025.9,6987.7,1990,8,5.955361182325425,6889.083333333333
1990-09-01,6589.3,2411.9,1196.2,680.7,824.7,1026.0,822.1,6961.5,6986.0,1990,9,3.058520481428295,6906.3
1990-10-01,7002.9,2440.6,1179.9,669.2,814.9,1030.8,821.5,6956.9,6991.9,1990,10,3.343830773344414,6925.058333333333
1990-11-01,7402.3,2483.9,1186.4,679.2,827.8,1012.8,821.1,7011.2,7009.8,1990,11,3.1756776643023343,6943.041666666667
1990-12-01,9414.4,2498.7,1195.1,680.9,827.1,987.4,828.0,7017.2,7038.9,1990,12,1.8875595307236592,6953.875
1991-01-01,6837.2,2550.8,1204.8,681.7,818.0,998.3,832.5,7086.0,7065.9,1991,1,3.5677224162878884,6974.216666666667
1991-02-01,6284.6,2520.5,1241.7,691.4,835.4,1022.5,830.3,7141.7,7085.3,1991,2,4.177789447580693,6998.083333333333
1991-03-01,6837.9,2536.8,1219.9,686.5,822.8,1020.8,819.6,7106.4,7104.5,1991,3,2.934615718879452,7014.966666666666
1991-04-01,6709.5,2515.6,1222.0,700.1,838.3,1021.6,824.6,7122.2,7128.8,1991,4,2.8387432135843715,7031.349999999999
1991-05-01,7191.7,2550.6,1198.3,687.3,817.4,1027.0,837.3,7117.9,7167.2,1991,5,2.4615296031323286,7045.599999999999
1991-06-01,6674.9,2543.3,1200.7,674.7,782.9,1052.2,847.0,7100.9,7222.5,1991,6,1.1149716629168527,7052.125
1991-07-01,7147.0,2609.0,1246.1,737.7,895.8,1084.5,851.4,7424.6,7287.5,1991,7,6.404689224242954,7089.366666666668
1991-08-01,7262.7,2629.2,1263.5,712.1,844.8,1082.8,867.3,7399.6,7350.2,1991,8,5.318891529910763,7120.508333333332
1991-09-01,6898.1,2593.5,1241.7,696.6,847.0,1050.2,891.6,7320.6,7396.3,1991,9,5.158371040723986,7150.433333333333
1991-10-01,7624.4,2635.1,1270.8,729.4,863.0,1067.8,918.4,7484.6,7420.6,1991,10,7.585275050669127,7194.408333333333
1991-11-01,7804.4,2636.3,1252.2,707.7,842.9,1069.4,927.9,7436.5,7432.9,1991,11,6.066008671839351,7229.850000000001
1991-12-01,9813.7,2620.4,1215.9,724.8,865.7,1064.1,919.8,7410.7,7450.4,1991,12,5.607649774838963,7262.641666666666
1992-01-01,7305.3,2633.3,1239.2,732.9,867.1,1089.5,902.1,7464.1,7484.3,1992,1,5.335873553485748,7294.150000000001
1992-02-01,6848.2,2645.5,1251.9,736.4,872.0,1081.9,895.3,7483.1,7533.9,1992,2,4.780374420656153,7322.599999999999
1992-03-01,7164.6,2704.4,1273.4,729.1,854.2,1095.3,943.4,7599.8,7580.6,1992,3,6.9430372621862135,7363.716666666667
1992-04-01,7435.5,2717.8,1302.5,733.0,871.5,1110.0,949.7,7684.5,7613.0,1992,4,7.895032433798543,7410.575000000001
1992-05-01,7551.4,2723.6,1267.1,745.8,885.9,1088.4,960.8,7671.5,7627.0,1992,5,7.777574846513735,7456.708333333333
1992-06-01,7180.7,2733.4,1263.2,733.7,875.0,1071.5,920.8,7597.5,7626.4,1992,6,6.993479699756366,7498.091666666667
1992-07-01,7487.0,2743.8,1293.6,735.2,862.4,1077.1,905.5,7617.6,7621.5,1992,7,2.5994666379333564,7514.174999999999
1992-08-01,7119.3,2732.4,1265.7,704.1,851.4,1068.2,902.0,7523.9,7623.8,1992,8,1.6798205308395042,7524.533333333334
1992-09-01,7406.0,2754.4,1301.6,703.6,885.1,1092.4,919.3,7656.5,7638.4,1992,9,4.588421714067148,7552.525000000001
1992-10-01,7946.1,2754.6,1334.8,723.6,887.8,1109.3,913.7,7723.9,7664.7,1992,10,3.19723164898591,7572.466666666667
1992-11-01,7887.0,2748.8,1324.1,720.4,907.4,1126.4,911.3,7738.4,7693.7,1992,11,4.059705506622735,7597.625
1992-12-01,10379.6,2737.7,1307.8,710.4,853.0,1117.7,906.8,7633.4,7718.5,1992,12,3.0051142267262243,7616.183333333333
1993-01-01,7455.9,2789.2,1363.3,711.5,910.9,1101.7,893.9,7770.5,7741.0,1993,1,4.104982516311395,7641.716666666667
1993-02-01,6833.0,2810.5,1345.8,707.2,886.9,1099.2,905.1,7754.6,7765.1,1993,2,3.628175488768015,7664.341666666667
1993-03-01,7497.4,2811.4,1383.2,702.1,898.8,1130.7,869.3,7795.4,7789.1,1993,3,2.573751940840552,7680.641666666666
1993-04-01,7539.8,2830.5,1375.6,677.6,889.6,1141.4,877.4,7792.1,7811.2,1993,4,1.400221224542908,7689.608333333333
1993-05-01,7675.2,2843.0,1376.5,709.4,912.4,1147.6,879.9,7868.8,7825.1,1993,5,2.5718568728410274,7706.049999999999
1993-06-01,7507.9,2843.5,1364.4,722.5,931.7,1136.6,876.8,7875.6,7834.7,1993,6,3.660414610069096,7729.224999999999
1993-07-01,7674.2,2859.4,1376.6,711.6,831.4,1143.2,896.6,7818.8,7853.0,1993,7,2.641251837849179,7745.991666666668
1993-08-01,7361.4,2824.1,1377.6,707.2,873.3,1140.9,892.6,7815.7,7887.1,1993,8,3.8783077925012233,7770.308333333333
1993-09-01,7765.5,2851.8,1406.4,705.4,892.4,1177.6,903.6,7937.1,7935.8,1993,9,3.6648599229412993,7793.691666666667
1993-10-01,8063.3,2857.8,1421.4,699.5,901.5,1198.6,916.8,7995.8,7998.9,1993,10,3.52024236460855,7816.349999999999
1993-11-01,8369.3,2895.8,1447.2,722.0,901.0,1226.5,941.3,8133.8,8068.1,1993,11,5.109583376408566,7849.299999999999
1993-12-01,11130.8,2892.5,1443.5,731.1,884.9,1244.5,957.2,8153.7,8132.6,1993,12,6.816097676002841,7892.658333333333
1994-01-01,7730.6,2872.8,1449.5,713.4,885.9,1213.2,960.2,8095.0,8184.3,1994,1,4.1760504472041715,7919.7
1994-02-01,7295.2,2929.9,1497.1,718.2,917.6,1238.5,974.4,8275.7,8220.7,1994,2,6.719882392386456,7963.125
1994-03-01,8240.1,2940.7,1464.6,735.8,928.9,1234.3,990.1,8294.3,8249.5,1994,3,6.399928162762647,8004.7
1994-04-01,7775.5,2916.8,1475.0,735.2,905.5,1231.1,972.9,8236.5,8281.2,1994,4,5.70321222776915,8041.733333333333
1994-05-01,8061.2,2948.0,1497.9,720.6,935.5,1247.2,972.1,8321.2,8324.3,1994,5,5.749288328588853,8079.433333333334
1994-06-01,8057.1,2964.2,1504.8,703.8,939.7,1268.9,983.1,8364.4,8381.3,1994,6,6.206511249936497,8120.166666666667
1994-07-01,8076.6,3002.3,1485.7,710.0,864.6,1277.7,1036.2,8376.6,8444.9,1994,7,7.134087072184991,8166.650000000001
1994-08-01,8222.7,3021.0,1551.1,736.8,935.9,1288.2,1038.5,8571.5,8506.0,1994,8,9.670279053699616,8229.633333333333
1994-09-01,8410.6,3049.2,1515.4,747.5,954.3,1291.8,1044.4,8602.5,8557.8,1994,9,8.383414597271033,8285.083333333334
1994-10-01,8638.4,3073.6,1503.2,750.6,950.1,1313.8,1044.5,8635.8,8593.5,1994,10,8.00420220615823,8338.416666666666
1994-11-01,8906.7,3071.0,1521.9,744.1,919.6,1286.0,1045.6,8588.1,8621.0,1994,11,5.585335267648572,8376.275
1994-12-01,11684.1,3109.8,1501.3,731.0,925.5,1288.2,1039.8,8595.6,8653.3,1994,12,5.419625446116494,8413.1
1995-01-01,8268.3,3132.9,1535.8,750.1,909.4,1299.6,1057.1,8684.8,8701.8,1995,1,7.285978999382325,8462.25
1995-02-01,7750.3,3171.6,1552.9,763.1,946.0,1295.5,1063.3,8792.4,8771.1,1995,2,6.243580603453469,8505.308333333332
1995-03-01,8656.9,3176.8,1562.2,760.6,947.0,1309.3,1086.3,8842.2,8856.5,1995,3,6.605741292212741,8550.966666666667
1995-04-01,8514.5,3219.1,1581.7,787.9,966.0,1327.0,1091.5,8973.2,8944.5,1995,4,8.944333151217144,8612.358333333334
1995-05-01,8860.4,3268.2,1595.7,748.2,944.7,1350.8,1108.1,9015.9,9025.8,1995,5,8.348555496803334,8670.25
1995-06-01,8767.9,3283.6,1646.7,774.5,956.5,1359.8,1100.6,9121.7,9093.0,1995,6,9.05384725742433,8733.358333333334
1995-07-01,8762.1,3306.1,1614.6,761.6,954.5,1375.2,1114.9,9126.8,9149.0,1995,7,8.955900962204222,8795.875
1995-08-01,8964.4,3339.4,1606.2,776.2,986.7,1381.2,1120.1,9209.9,9198.9,1995,8,7.447937933850546,8849.074999999999
1995-09-01,8996.2,3359.0,1633.7,781.2,931.6,1402.9,1138.5,9247.0,9245.2,1995,9,7.492008137169437,8902.783333333333
1995-10-01,9214.9,3389.6,1616.2,772.3,963.5,1378.5,1150.6,9270.7,9287.2,1995,10,7.351953495912378,8955.691666666668
1995-11-01,9727.5,3417.3,1606.4,776.9,951.3,1376.9,1163.2,9292.1,9324.7,1995,11,8.197389410929068,9014.358333333334
1995-12-01,12525.0,3436.8,1639.6,788.9,978.0,1409.4,1167.5,9420.2,9354.1,1995,12,9.593280282935467,9083.074999999999
1996-01-01,9084.7,3390.2,1616.0,792.5,986.4,1415.4,1183.3,9383.7,9376.6,1996,1,8.047393146647043,9141.316666666668
1996-02-01,8632.1,3432.2,1621.8,786.5,966.2,1395.6,1176.1,9378.3,9396.9,1996,2,6.663709567353626,9190.141666666666
1996-03-01,9074.2,3436.8,1643.2,789.5,961.3,1388.1,1174.4,9393.2,9423.2,1996,3,6.231480853181326,9236.058333333332
1996-04-01,8946.5,3463.0,1645.8,789.4,970.9,1389.7,1195.7,9454.5,9455.2,1996,4,5.36374983283554,9276.166666666666
1996-05-01,9435.2,3489.3,1655.6,778.5,970.1,1395.6,1155.4,9444.4,9487.5,1996,5,4.752714648565304,9311.875
1996-06-01,9003.1,3515.5,1693.0,791.0,977.8,1408.5,1177.3,9563.1,9512.4,1996,6,4.839010272208033,9348.658333333333
1996-07-01,9291.1,3527.8,1735.1,803.7,974.9,1384.5,1153.3,9579.2,9523.2,1996,7,4.956830433448767,9386.358333333334
1996-08-01,9386.1,3526.5,1717.5,793.5,972.3,1386.6,1147.5,9543.9,9517.0,1996,8,3.6265323184833775,9414.191666666668
1996-09-01,8956.8,3549.9,1666.0,785.7,949.2,1368.9,1129.0,9448.8,9507.1,1996,9,2.182329404131056,9431.008333333333
1996-10-01,9675.6,3552.4,1705.6,787.7,938.9,1386.4,1112.2,9483.3,9512.9,1996,10,2.2932464646682416,9448.725
1996-11-01,9930.1,3578.0,1701.9,774.2,974.1,1387.7,1107.3,9523.2,9540.8,1996,11,2.487058899495276,9467.983333333334
1996-12-01,12523.5,3564.2,1717.3,788.7,983.1,1408.8,1107.4,9569.5,9588.3,1996,12,1.5848920405086897,9480.425000000001
1997-01-01,9516.5,3612.6,1699.8,802.6,973.2,1402.2,1143.3,9633.8,9644.4,1997,1,2.665259972079226,9501.266666666668
1997-02-01,8636.0,3620.8,1782.6,791.0,1015.8,1440.7,1152.2,9803.0,9694.6,1997,2,4.528539287504141,9536.658333333333
1997-03-01,9325.0,3648.1,1739.0,793.6,981.7,1444.5,1157.9,9764.8,9731.8,1997,3,3.956053315164154,9567.625
1997-04-01,9221.1,3600.6,1709.3,786.1,943.7,1447.5,1155.3,9642.5,9759.4,1997,4,1.9884710984187315,9583.291666666666
1997-05-01,9819.1,3644.1,1742.7,817.9,984.1,1462.4,1174.1,9825.3,9785.2,1997,5,4.033077802719065,9615.033333333333
1997-06-01,9116.7,3667.9,1736.2,797.4,941.5,1471.0,1179.4,9793.3,9816.4,1997,6,2.407169223368988,9634.216666666667
1997-07-01,9719.3,3678.6,1736.3,806.8,1001.9,1481.7,1172.5,9877.8,9856.9,1997,7,3.117170536161673,9659.099999999999
1997-08-01,9524.8,3702.9,1732.5,802.1,981.0,1489.8,1186.6,9894.7,9906.8,1997,8,3.6756462242898635,9688.333333333334
1997-09-01,9596.6,3729.4,1739.9,811.8,1019.1,1497.8,1172.6,9970.5,9960.1,1997,9,5.521336042672087,9731.808333333332
1997-10-01,10237.0,3742.5,1755.0,820.7,999.1,1497.1,1163.5,9977.8,10006.4,1997,10,5.214429576202373,9773.016666666665
1997-11-01,10340.9,3783.5,1777.1,837.5,996.5,1499.6,1174.5,10068.6,10042.4,1997,11,5.727066532258052,9818.466666666665
1997-12-01,13318.2,3789.7,1790.7,831.9,990.1,1496.6,1173.2,10072.2,10068.7,1997,12,5.253148022362719,9860.358333333332
1998-01-01,10042.7,3870.3,1742.6,828.9,1027.4,1507.6,1152.2,10129.1,10082.5,1998,1,5.1412734331208965,9901.633333333333
1998-02-01,8872.4,3849.5,1730.5,844.5,1003.5,1504.0,1145.1,10077.1,10091.6,1998,2,2.796082831786184,9924.475
1998-03-01,9575.7,3850.0,1739.5,832.9,993.1,1497.7,1148.3,10061.5,10103.9,1998,3,3.038464689496978,9949.2
1998-04-01,9756.6,3857.9,1747.1,856.1,1023.5,1515.3,1119.6,10119.4,10126.6,1998,4,4.945812807881778,9988.941666666668
1998-05-01,10000.6,3914.1,1726.8,876.9,1003.7,1502.1,1153.1,10176.7,10164.9,1998,5,3.5764811252582795,10018.225
1998-06-01,9556.1,3957.8,1726.7,879.4,955.6,1523.1,1147.4,10190.0,10220.3,1998,6,4.050728559321182,10051.283333333333
1998-07-01,10225.4,3940.9,1717.7,903.1,1080.3,1514.4,1156.8,10313.2,10276.3,1998,7,4.40786409929339,10087.566666666668
1998-08-01,9835.4,3987.9,1730.1,903.2,1015.4,1519.9,1162.0,10318.5,10326.1,1998,8,4.283101054099658,10122.883333333333
1998-09-01,10059.8,4014.4,1733.5,901.0,1020.9,1549.7,1168.3,10387.8,10369.9,1998,9,4.185346772980281,10157.658333333333
1998-10-01,10773.4,4050.1,1735.5,906.4,1015.8,1550.6,1215.1,10473.6,10416.3,1998,10,4.969031249373623,10198.975
1998-11-01,10642.7,4050.1,1705.9,901.3,1041.0,1545.6,1191.2,10435.1,10473.6,1998,11,3.6400293983274823,10229.516666666668
1998-12-01,13837.5,4023.9,1739.6,898.3,1014.5,1522.6,1173.0,10371.9,10545.7,1998,12,2.9755167689283324,10254.491666666667
1999-01-01,10537.1,4164.3,1798.1,906.4,1094.0,1583.2,1222.5,10768.5,10630.7,1999,1,6.312505553306802,10307.775
1999-02-01,9430.1,4146.6,1805.0,916.4,1037.1,1583.6,1229.5,10718.2,10716.0,1999,2,6.361949370354569,10361.199999999999
1999-03-01,10540.0,4190.6,1780.8,940.1,1055.4,1598.3,1234.8,10800.1,10787.6,1999,3,7.340853749440934,10422.75
1999-04-01,10390.7,4161.2,1844.7,966.5,1026.0,1618.0,1253.7,10870.0,10843.9,1999,4,7.4174358163527465,10485.300000000001
1999-05-01,10581.0,4187.2,1843.5,928.7,1043.8,1605.7,1289.2,10898.0,10888.9,1999,5,7.087759293287599,10545.408333333335
1999-06-01,10264.8,4200.1,1836.5,957.8,1020.9,1615.4,1277.0,10907.7,10934.5,1999,6,7.043179587831205,10605.216666666667
1999-07-01,10824.9,4216.8,1849.5,934.2,1056.1,1621.4,1212.1,10890.1,10993.9,1999,7,5.59380211767444,10653.291666666666
1999-08-01,10555.3,4252.0,1899.0,979.4,1075.3,1637.3,1250.4,11093.5,11066.0,1999,8,7.510781605853567,10717.875
1999-09-01,10908.9,4263.6,1946.1,973.3,1073.3,1662.0,1276.5,11194.9,11131.3,1999,9,7.76969136872101,10785.133333333333
1999-10-01,11336.8,4270.6,1950.8,970.4,1076.7,1623.7,1274.5,11166.7,11178.5,1999,10,6.617590895203174,10842.891666666666
1999-11-01,11584.0,4301.1,1933.8,981.6,1073.2,1650.1,1308.8,11248.7,11197.0,1999,11,7.796762848463357,10910.691666666668
1999-12-01,15016.9,4323.5,1917.1,971.1,1072.0,1633.2,1284.4,11201.2,11188.2,1999,12,7.995642071365916,10979.800000000001
2000-01-01,10794.2,4251.2,1966.2,955.4,1071.8,1607.2,1290.7,11142.5,11167.4,2000,1,3.4730928170125797,11010.966666666667
2000-02-01,10114.8,4252.1,1977.1,917.2,1082.2,1607.5,1282.1,11118.2,11154.6,2000,2,3.731969920322431,11044.300000000001
2000-03-01,10930.1,4248.5,1987.1,944.3,1055.9,1613.6,1306.8,11156.1,11163.2,2000,3,3.296265775316898,11073.966666666667
2000-04-01,10609.9,4259.5,1957.2,951.5,1092.9,1621.9,1280.7,11163.7,11194.1,2000,4,2.7019319227231,11098.441666666666
2000-05-01,11052.7,4260.5,2058.6,977.8,1097.9,1637.1,1296.5,11328.4,11244.3,2000,5,3.949348504312722,11134.308333333334
2000-06-01,11675.2,4345.7,2393.9,1147.0,1313.1,1716.6,1325.2,12241.6,11304.0,2000,6,12.228975861088953,11245.466666666667
2000-07-01,10605.2,4333.7,1946.7,852.9,886.4,1596.3,1327.4,10943.4,11455.8,2000,7,0.48943535872030264,11249.908333333333
2000-08-01,11190.6,4389.0,2062.9,924.8,1161.8,1644.4,1335.9,11518.8,11506.9,2000,8,3.8337765358092524,11285.35
2000-09-01,11447.4,4387.1,2063.4,1018.5,1135.0,1685.0,1447.2,11736.2,11557.1,2000,9,4.835237474207021,11330.458333333334
2000-10-01,11664.4,4378.0,2051.9,953.5,1117.6,1699.7,1426.4,11627.0,11617.6,2000,10,4.122077247530598,11368.816666666668
2000-11-01,12127.8,4389.8,2095.2,967.8,1080.3,1698.2,1398.5,11629.7,11698.3,2000,11,3.3870580600424915,11400.566666666666
2000-12-01,15567.3,4479.1,2103.0,1001.5,1139.8,1684.6,1375.5,11783.5,11801.3,2000,12,5.198550155340498,11449.091666666667
2001-01-01,11612.2,4464.8,2112.9,988.4,1133.7,1737.7,1458.5,11896.0,11918.1,2001,1,6.762396230648426,11511.883333333333
2001-02-01,10625.2,4560.4,2140.6,994.2,1145.5,1785.4,1469.7,12095.8,12038.0,2001,2,8.792790199852485,11593.35
2001-03-01,11940.5,4571.4,2148.6,1014.9,1163.5,1771.2,1506.8,12176.4,12149.8,2001,3,9.14566918546804,11678.375
2001-04-01,11576.8,4638.8,2188.4,1051.0,1132.8,1773.6,1465.6,12250.2,12240.7,2001,4,9.732436378620001,11768.916666666666
2001-05-01,12075.8,4645.1,2202.2,1034.9,1157.8,1784.2,1458.4,12282.6,12307.5,2001,5,8.423078281134156,11848.433333333334
2001-06-01,11749.3,4664.2,2263.8,1026.7,1146.1,1799.1,1465.9,12365.7,12356.8,2001,6,1.0137563717161235,11858.775
2001-07-01,12038.9,4675.9,2280.6,1037.9,1151.4,1807.2,1483.2,12436.1,12401.1,2001,7,13.640184951660373,11983.166666666666
2001-08-01,12204.9,4724.5,2293.2,1025.0,1108.8,1802.0,1489.3,12442.7,12455.7,2001,8,8.020800777858828,12060.158333333335
2001-09-01,11949.3,4769.3,2273.4,1030.8,1116.3,1798.4,1473.8,12462.2,12529.8,2001,9,6.185988650500152,12120.658333333333
2001-10-01,12797.9,4810.1,2330.2,1060.9,1164.7,1813.5,1447.7,12627.1,12621.3,2001,10,8.601530919411715,12204.0
2001-11-01,13359.0,4838.7,2349.3,1062.3,1177.6,1827.5,1449.2,12704.7,12721.9,2001,11,9.243574640790397,12293.583333333334
2001-12-01,16743.5,4874.7,2388.7,1089.4,1195.0,1843.6,1459.2,12850.6,12827.6,2001,12,9.055883226545603,12382.508333333333
2002-01-01,12836.0,4943.5,2454.1,1110.3,1174.0,1871.4,1465.7,13018.9,12932.7,2002,1,9.439307330195025,12476.083333333334
2002-02-01,11392.4,4926.9,2416.1,1115.1,1179.9,1874.6,1462.1,12974.7,13028.5,2002,2,7.266158501297992,12549.325000000003
2002-03-01,12728.5,4951.3,2445.8,1112.7,1185.6,1900.7,1473.3,13069.4,13112.4,2002,3,7.333858940245075,12623.741666666669
2002-04-01,12455.8,4944.1,2525.0,1103.7,1190.7,1922.0,1487.0,13172.6,13190.4,2002,4,7.5296729849308575,12700.608333333332
2002-05-01,13217.9,5025.6,2568.5,1120.1,1241.5,1949.7,1476.5,13381.9,13261.2,2002,5,8.950059433670399,12792.216666666667
2002-06-01,12550.6,5023.0,2566.8,1077.3,1167.1,1924.9,1513.4,13272.4,13325.7,2002,6,7.332379080844587,12867.775000000001
2002-07-01,12943.3,5079.0,2521.0,1095.1,1201.5,1927.5,1527.1,13351.1,13388.6,2002,7,7.357612113122292,12944.025000000001
2002-08-01,13261.7,5100.7,2546.3,1134.6,1192.3,1974.1,1537.3,13485.3,13452.5,2002,8,8.379210300015249,13030.908333333333
2002-09-01,12888.3,5140.8,2547.0,1135.8,1211.1,1963.2,1527.9,13525.8,13517.1,2002,9,8.534608656577468,13119.541666666666
2002-10-01,13798.9,5151.9,2544.1,1137.0,1221.1,1915.5,1504.9,13474.3,13581.8,2002,10,6.709379033982454,13190.141666666668
2002-11-01,14418.4,5212.2,2575.9,1177.9,1304.8,1938.6,1547.1,13756.4,13642.2,2002,11,8.278038836021295,13277.783333333333
2002-12-01,17801.4,5192.3,2569.8,1170.6,1266.8,1953.4,1571.2,13724.1,13698.5,2002,12,6.797347983751734,13350.574999999999
2003-01-01,13636.3,5241.9,2534.2,1145.4,1257.6,1976.8,1587.0,13742.8,13750.1,2003,1,5.560377604866762,13410.9
2003-02-01,12067.5,5254.8,2546.2,1152.5,1256.8,1971.5,1564.8,13746.6,13806.4,2003,2,5.949270503364246,13475.224999999999
2003-03-01,13289.7,5283.2,2574.9,1167.0,1282.1,1953.8,1583.2,13844.2,13871.5,2003,3,5.928351722343805,13539.791666666666
2003-04-01,13347.9,5262.1,2606.8,1208.5,1297.7,2003.2,1617.1,13995.3,13948.8,2003,4,6.245539984513293,13608.35
2003-05-01,13897.3,5308.1,2643.8,1171.1,1280.7,2029.4,1659.6,14092.6,14042.8,2003,5,5.310905028433943,13667.574999999999
2003-06-01,13284.0,5257.6,2678.5,1184.9,1284.5,2029.8,1639.9,14075.2,14158.4,2003,6,6.048642295289475,13734.474999999999
2003-07-01,14005.4,5334.3,2730.0,1190.3,1280.2,2078.0,1691.7,14304.5,14288.3,2003,7,7.140984637969905,13813.924999999997
2003-08-01,13933.3,5333.2,2737.2,1195.9,1297.0,2101.9,1731.4,14396.6,14430.2,2003,8,6.757728786159745,13889.866666666667
2003-09-01,14055.9,5387.7,2781.7,1209.4,1313.9,2134.9,1751.0,14578.7,14576.0,2003,9,7.784382439486026,13977.608333333335
2003-10-01,15188.7,5401.2,2784.2,1231.8,1338.2,2188.5,1790.0,14733.9,14716.8,2003,10,9.348166509577505,14082.574999999999
2003-11-01,15455.0,5481.9,2785.7,1251.9,1343.9,2227.7,1824.8,14916.1,14839.7,2003,11,8.43025791631533,14179.216666666667
2003-12-01,19384.4,5498.6,2781.5,1251.6,1308.4,2199.0,1846.6,14885.7,14934.0,2003,12,8.463942990797225,14276.016666666668
2004-01-01,14934.7,5586.4,2831.7,1248.7,1325.7,2165.4,1871.6,15029.5,15003.9,2004,1,9.362720842914118,14383.241666666669
2004-02-01,13588.5,5588.0,2826.2,1250.7,1339.9,2150.7,1883.3,15038.8,15062.8,2004,2,9.400142580710869,14490.925000000001
2004-03-01,14600.9,5603.0,2891.4,1227.3,1328.8,2215.7,1883.0,15149.2,15114.6,2004,3,9.426330159922557,14599.674999999997
2004-04-01,14552.0,5635.2,2820.8,1254.4,1356.1,2169.0,1880.5,15116.0,15171.0,2004,4,8.007688295356296,14693.066666666666
2004-05-01,14685.1,5675.8,2827.3,1272.1,1373.1,2190.2,1869.8,15208.3,15236.8,2004,5,7.916920937229466,14786.041666666666
2004-06-01,14679.0,5747.8,2855.5,1300.0,1385.0,2221.8,1856.7,15366.9,15308.1,2004,6,9.17713425031259,14893.683333333334
2004-07-01,15154.9,5689.8,2885.4,1293.8,1397.3,2235.4,1853.6,15355.3,15375.1,2004,7,7.345940088783243,14981.25
2004-08-01,14731.7,5702.9,2875.6,1290.2,1391.3,2225.7,1861.9,15347.6,15426.5,2004,8,6.605726352055341,15060.5
2004-09-01,15204.1,5739.5,2923.6,1308.3,1410.6,2282.9,1948.9,15613.8,15455.9,2004,9,7.100084369662585,15146.758333333333
2004-10-01,15769.1,5701.8,2971.0,1288.4,1394.7,2262.9,1839.8,15458.5,15470.3,2004,10,4.917910397111425,15207.141666666668
2004-11-01,16017.9,5744.6,2976.2,1280.1,1380.2,2232.2,1821.7,15434.9,15473.7,2004,11,3.47812095655029,15250.375
2004-12-01,20298.1,5800.8,2941.1,1294.1,1343.8,2232.6,1816.5,15428.9,15471.7,2004,12,3.6491397784450763,15295.641666666665
2005-01-01,15066.7,5658.8,2996.1,1327.2,1419.5,2235.7,1801.8,15439.1,15472.0,2005,1,2.7253068964370186,15329.775000000001
2005-02-01,13693.5,5763.3,3001.4,1309.7,1429.8,2249.0,1830.2,15583.4,15480.9,2005,2,3.62129957177435,15375.158333333333
2005-03-01,15128.9,5766.1,2998.5,1322.7,1436.5,2217.3,1798.0,15539.1,15506.8,2005,3,2.573733266443101,15407.650000000001
2005-04-01,14742.6,5843.5,2994.7,1270.1,1266.2,2220.9,1811.5,15407.0,15550.1,2005,4,1.9251124636147088,15431.9
2005-05-01,15000.6,5827.1,3030.2,1320.2,1387.4,2206.3,1820.2,15591.4,15601.5,2005,5,2.5190192197681593,15463.824999999999
2005-06-01,15159.8,5875.2,3031.9,1342.8,1422.5,2213.4,1846.4,15732.3,15658.2,2005,6,2.3778380805497434,15494.275
2005-07-01,15339.3,5941.5,3022.5,1309.8,1403.0,2177.0,1851.9,15705.6,15713.3,2005,7,2.281297011455341,15523.466666666667
2005-08-01,15299.0,6020.9,3053.8,1335.7,1411.8,2175.1,1813.2,15810.5,15760.4,2005,8,3.0161067528473584,15562.041666666666
2005-09-01,15436.0,6027.6,3027.1,1344.2,1390.6,2151.7,1862.4,15803.7,15799.1,2005,9,1.2162317949506285,15577.866666666667
2005-10-01,16002.8,6028.2,3013.9,1333.2,1358.4,2147.8,1911.8,15793.2,15833.4,2005,10,2.1651518582009865,15605.758333333331
2005-11-01,16520.8,6031.8,3044.6,1329.4,1366.1,2162.8,1936.9,15871.6,15880.4,2005,11,2.8293024250238163,15642.15
2005-12-01,20955.0,6061.1,3081.9,1321.3,1357.4,2187.7,1925.1,15934.5,15953.4,2005,12,3.276967249771534,15684.283333333333
2006-01-01,15614.7,6105.8,3061.3,1347.7,1372.1,2218.4,1937.9,16043.1,16051.8,2006,1,3.9121451379938055,15734.616666666667
2006-02-01,14231.0,6165.0,3089.7,1344.5,1427.2,2228.4,1929.0,16183.8,16168.9,2006,2,3.8528177419561827,15784.65
2006-03-01,15868.7,6233.1,3111.2,1344.9,1384.2,2221.8,1967.3,16262.5,16294.4,2006,3,4.6553532701379075,15844.933333333332
2006-04-01,15619.2,6250.4,3125.2,1370.3,1431.8,2279.2,2000.2,16457.0,16412.4,2006,4,6.815084052703324,15932.433333333334
2006-05-01,15959.0,6288.2,3186.3,1361.9,1378.2,2275.8,2029.4,16519.7,16517.5,2006,5,5.953923316700238,16009.791666666666
2006-06-01,16106.6,6354.3,3179.9,1378.5,1413.6,2303.5,2015.8,16645.6,16610.8,2006,6,5.8052541586417705,16085.900000000001
2006-07-01,16214.5,6350.6,3220.9,1385.3,1406.5,2280.9,2032.5,16676.7,16692.6,2006,7,6.183144865525669,16166.825000000003
2006-08-01,16401.9,6385.5,3200.3,1405.4,1406.3,2307.8,2038.1,16743.3,16765.9,2006,8,5.899876664242121,16244.558333333334
2006-09-01,16348.7,6434.8,3261.7,1419.1,1343.0,2297.5,2059.9,16816.0,16835.7,2006,9,6.40546201206047,16328.916666666666
2006-10-01,17155.7,6518.1,3256.8,1425.4,1424.3,2311.4,2054.5,16990.5,16917.3,2006,10,7.5811108578375475,16428.69166666667
2006-11-01,17800.4,6494.4,3284.0,1406.9,1432.6,2325.6,2057.9,17001.5,17022.3,2006,11,7.119005015247359,16522.850000000002
2006-12-01,22142.8,6550.9,3254.9,1412.1,1444.2,2328.6,2059.1,17049.6,17142.8,2006,12,6.998023157300182,16615.775
2007-01-01,16855.2,6608.7,3347.9,1419.9,1435.4,2307.4,2117.5,17236.7,17266.9,2007,1,7.439958611490294,16715.241666666665
2007-02-01,15331.4,6673.1,3414.0,1442.5,1450.1,2322.7,2138.0,17440.4,17384.6,2007,2,7.7645546781349495,16819.958333333332
2007-03-01,17317.7,6706.1,3444.9,1465.1,1519.2,2354.6,2174.6,17664.5,17491.8,2007,3,8.621060722521134,16936.791666666668
2007-04-01,16514.4,6764.5,3379.8,1456.1,1436.4,2328.7,2176.5,17542.0,17592.8,2007,4,6.592939174819223,17027.208333333332
2007-05-01,17100.4,6792.3,3398.3,1416.6,1461.8,2304.9,2169.8,17543.7,17695.1,2007,5,6.198659781957305,17112.541666666668
2007-06-01,17184.1,6862.8,3419.2,1503.1,1482.7,2338.2,2211.9,17818.0,17805.8,2007,6,7.043302734656609,17210.241666666665
2007-07-01,17437.0,6944.0,3432.2,1510.6,1473.3,2396.7,2202.4,17959.2,17933.8,2007,7,7.690370397020985,17317.11666666667
2007-08-01,17801.5,6968.9,3475.2,1498.4,1490.7,2413.4,2215.9,18062.7,18075.3,2007,8,7.880166992170001,17427.066666666666
2007-09-01,17603.5,7064.3,3545.7,1498.1,1499.1,2434.0,2218.1,18259.3,18210.0,2007,9,8.58289724072312,17547.341666666667
2007-10-01,18530.4,7067.4,3494.2,1525.0,1509.6,2516.6,2183.4,18296.2,18316.1,2007,10,7.684882728583631,17656.149999999998
2007-11-01,19307.1,7070.5,3530.0,1533.7,1517.1,2525.4,2224.4,18401.1,18384.2,2007,11,8.232214804576055,17772.783333333333
2007-12-01,23833.7,7106.9,3550.4,1519.8,1528.4,2545.0,2222.5,18473.0,18426.9,2007,12,8.348582957957973,17891.399999999998
2008-01-01,18201.0,7097.8,3531.5,1512.1,1541.2,2568.2,2183.8,18434.5,18449.0,2008,1,6.949125992794447,17991.216666666667
2008-02-01,16791.4,7063.4,3498.3,1526.8,1539.6,2571.7,2208.4,18408.2,18457.1,2008,2,5.549184651728156,18071.86666666667
2008-03-01,17807.9,7177.9,3521.8,1503.5,1517.6,2573.3,2178.9,18473.0,18465.4,2008,3,4.576976421636614,18139.24166666667
2008-04-01,17543.0,7140.8,3507.4,1541.7,1553.4,2576.4,2179.2,18498.9,18479.0,2008,4,5.454908220271348,18218.983333333334
2008-05-01,18183.5,7194.7,3503.4,1511.4,1519.0,2609.6,2183.4,18521.5,18497.4,2008,5,5.573510718947539,18300.466666666667
2008-06-01,17477.9,7219.2,3502.0,1465.7,1431.2,2584.5,2190.3,18393.0,18519.8,2008,6,3.227073745650455,18348.383333333335
2008-07-01,18391.2,7352.8,3493.8,1521.3,1545.6,2588.7,2179.3,18681.6,18544.9,2008,7,4.022450888681006,18408.583333333332
2008-08-01,18198.2,7377.9,3458.3,1521.5,1471.7,2601.0,2172.6,18603.0,18575.1,2008,8,2.9912471557408393,18453.608333333334
2008-09-01,17885.2,7330.1,3406.9,1512.1,1536.4,2574.1,2161.0,18520.7,18620.0,2008,9,1.4315992398394428,18475.391666666666
2008-10-01,19144.5,7444.7,3431.6,1503.7,1503.4,2621.1,2199.6,18704.2,18690.5,2008,10,2.2299712508608405,18509.391666666666
2008-11-01,19478.5,7521.3,3388.7,1525.7,1493.3,2624.1,2208.2,18761.2,18787.6,2008,11,1.9569482259212956,18539.4
2008-12-01,25184.3,7693.1,3676.6,1593.1,1618.7,2703.4,2245.6,19530.5,18905.7,2008,12,5.724570995506961,18627.525
2009-01-01,19384.5,7769.6,3548.3,1587.6,1585.9,2657.5,2316.8,19465.6,19033.3,2009,1,5.593316878678567,18713.45
2009-02-01,16853.8,7749.4,3455.3,1563.8,1473.5,2674.0,2295.9,19211.9,19157.3,2009,2,4.365989070088339,18780.425
2009-03-01,18927.9,7873.4,3522.3,1661.3,1628.7,2717.7,2315.6,19719.1,19264.3,2009,3,6.745520489362855,18884.266666666666
2009-04-01,18849.3,7798.1,3564.0,1681.8,1615.2,2714.1,2371.0,19744.3,19354.7,2009,4,6.732292190346434,18988.05
2009-05-01,19397.5,7895.9,3560.8,1690.0,1633.2,2742.1,2418.4,19940.4,19426.9,2009,5,7.660826606916293,19106.291666666668
2009-06-01,18902.9,7911.7,3645.2,1631.0,1530.0,2734.7,2381.0,19833.5,19490.7,2009,6,7.831783830805206,19226.333333333332
2009-07-01,19360.6,7797.9,3529.2,1599.9,1544.0,2731.5,2390.7,19593.1,19561.2,2009,7,4.8791324083590215,19302.291666666668
2009-08-01,19156.7,7855.7,3526.5,1614.2,1560.9,2674.3,2427.7,19659.3,19650.1,2009,8,5.678116432833402,19390.316666666666
2009-09-01,19030.3,7897.6,3476.0,1598.2,1529.5,2693.5,2454.0,19648.8,19752.7,2009,9,6.091022477552133,19484.325
2009-10-01,20294.6,7858.7,3514.7,1594.7,1583.7,2709.9,2492.8,19754.6,19848.2,2009,10,5.615850985340187,19571.858333333334
2009-11-01,20840.1,8032.2,3585.3,1659.8,1588.9,2734.2,2534.2,20134.5,19921.6,2009,11,7.3198942498347686,19686.3
2009-12-01,25958.5,7981.1,3533.1,1590.6,1537.7,2757.9,2590.6,19991.0,19969.3,2009,12,2.357850541460782,19724.675
2010-01-01,19792.0,7955.5,3568.5,1625.4,1606.3,2759.1,2538.8,20053.5,19995.2,2010,1,3.020199736971896,19773.666666666668
2010-02-01,17431.5,7856.6,3556.9,1590.2,1553.7,2752.2,2582.5,19892.1,20013.8,2010,2,3.540513952289981,19830.35
2010-03-01,19490.3,7917.8,3501.0,1597.7,1568.0,2763.5,2590.4,19938.5,20044.7,2010,3,1.1126268440243336,19848.633333333335
2010-04-01,19032.0,8051.0,3607.4,1611.5,1529.4,2764.1,2597.7,20161.3,20106.8,2010,4,2.112001944865094,19883.38333333333
2010-05-01,19533.6,8065.1,3571.5,1633.0,1536.0,2772.7,2622.0,20200.3,20195.8,2010,5,1.3033840845720235,19905.041666666668
2010-06-01,19339.1,8064.8,3618.0,1622.4,1556.0,2785.7,2631.1,20278.1,20285.1,2010,6,2.2416618347745,19942.091666666664
2010-07-01,20231.6,8084.3,3538.2,1652.6,1554.0,2805.0,2752.0,20386.1,20347.0,2010,7,4.047343197350095,20008.175
2010-08-01,19860.8,8050.6,3538.3,1645.3,1557.2,2878.7,2772.4,20442.5,20376.3,2010,8,3.983865142706011,20073.441666666666
2010-09-01,19916.3,8042.4,3542.2,1666.6,1553.3,2868.5,2755.6,20428.7,20380.8,2010,9,3.9691991368429713,20138.433333333334
2010-10-01,20575.4,8075.9,3582.3,1591.5,1527.3,2835.7,2625.5,20238.2,20376.5,2010,10,2.448037419132776,20178.733333333334
2010-11-01,21163.7,8112.0,3597.0,1612.8,1558.3,2847.8,2643.8,20371.7,20380.8,2010,11,1.178077429288038,20198.5
2010-12-01,26599.2,8122.9,3645.1,1624.4,1518.9,2857.6,2679.1,20447.9,20405.7,2010,12,2.2855284878195326,20236.575
2011-01-01,20063.7,8274.7,3496.0,1575.5,1547.4,2896.1,2645.5,20435.2,20451.2,2011,1,1.9034083825766102,20268.383333333335
2011-02-01,18079.3,8296.0,3571.7,1623.6,1564.7,2910.7,2668.3,20634.9,20506.1,2011,2,3.7341457161385927,20330.283333333333
2011-03-01,19933.8,8253.9,3565.1,1616.7,1508.8,2924.1,2645.4,20513.9,20560.0,2011,3,2.8858740627429436,20378.233333333334
2011-04-01,19833.0,8291.2,3617.0,1640.8,1572.4,2963.6,2648.9,20733.8,20608.9,2011,4,2.8395986369926574,20425.94166666667
2011-05-01,19888.1,8310.3,3594.7,1614.8,1531.0,2952.5,2650.9,20654.3,20656.9,2011,5,2.2474913738904867,20463.774999999998
2011-06-01,19738.3,8332.3,3567.2,1589.8,1471.2,2981.9,2649.0,20591.3,20711.8,2011,6,1.544523402093878,20489.875000000004
2011-07-01,20419.6,8428.0,3537.6,1552.9,1523.8,3057.4,2677.7,20777.4,20773.8,2011,7,1.919445112110707,20522.483333333334
2011-08-01,20388.3,8461.9,3627.5,1548.2,1503.4,3047.7,2706.8,20895.6,20839.4,2011,8,2.2164608046960854,20560.24166666667
2011-09-01,20475.9,8436.0,3650.6,1549.8,1489.5,3037.8,2724.5,20888.2,20898.8,2011,9,2.2492865429518227,20598.533333333333
2011-10-01,21183.4,8450.5,3675.4,1575.7,1480.5,3042.0,2741.2,20965.2,20945.5,2011,10,3.5922166991135596,20659.11666666667
2011-11-01,21864.2,8508.9,3675.2,1577.5,1495.3,3018.6,2732.3,21007.8,20977.8,2011,11,3.1224689152107965,20712.125
2011-12-01,27425.4,8476.6,3668.8,1614.0,1500.0,3075.5,2704.3,21039.2,20998.9,2011,12,2.8917394940311647,20761.4
2012-01-01,20529.6,8477.7,3557.0,1621.9,1500.9,3043.9,2763.3,20964.6,21035.1,2012,1,2.5906279361102236,20805.516666666666
2012-02-01,19071.2,8514.2,3549.6,1595.7,1519.6,3079.4,2770.2,21028.8,21105.7,2012,2,1.9089019089018944,20838.341666666667
2012-03-01,20868.1,8581.2,3590.6,1629.3,1526.5,3101.8,2813.5,21242.8,21207.7,2012,3,3.553200512822996,20899.083333333332
2012-04-01,20028.9,8608.9,3581.1,1639.8,1517.6,3098.0,2831.4,21276.8,21329.4,2012,4,2.6189121145183236,20944.333333333332
2012-05-01,20873.1,8635.4,3623.3,1657.9,1548.3,3112.1,2875.9,21452.8,21452.6,2012,5,3.8660230557317377,21010.875
2012-06-01,20878.1,8730.1,3617.3,1685.1,1614.1,3154.9,2911.3,21712.8,21553.4,2012,6,5.446474967583392,21104.333333333332
2012-07-01,20964.6,8743.8,3679.4,1675.0,1460.9,3092.5,2921.3,21573.0,21613.6,2012,7,3.8291605301914444,21170.63333333333
2012-08-01,21352.0,8766.4,3653.8,1659.6,1543.1,3080.7,2895.4,21599.0,21629.5,2012,8,3.366258925324006,21229.25
2012-09-01,21040.2,8806.7,3704.3,1639.0,1525.4,3114.2,2894.9,21684.5,21623.6,2012,9,3.8122001895807056,21295.608333333334
2012-10-01,21850.4,8873.0,3617.8,1636.5,1521.3,3085.1,2886.1,21619.9,21622.3,2012,10,3.1227939633297064,21350.166666666668
2012-11-01,22680.2,8858.6,3582.7,1631.7,1517.3,3093.0,2884.3,21567.5,21641.3,2012,11,2.664248517217427,21396.808333333334
2012-12-01,27676.4,8842.1,3634.8,1660.2,1527.8,3076.4,2868.6,21610.0,21688.1,2012,12,2.713030913722947,21444.375
2013-01-01,21510.6,8932.6,3668.3,1668.1,1495.6,3105.1,2870.3,21739.9,21753.3,2013,1,3.698138767255288,21508.983333333334
2013-02-01,19299.8,8973.4,3706.8,1697.8,1566.2,3128.2,2915.7,21988.2,21819.7,2013,2,4.562314540059353,21588.933333333334
2013-03-01,21410.5,9022.0,3667.1,1608.1,1536.4,3111.2,2919.4,21864.1,21878.5,2013,3,2.924755681925162,21640.708333333332
2013-04-01,20601.1,9005.5,3653.0,1661.1,1503.4,3133.2,2919.1,21875.2,21926.2,2013,4,2.8124530004512094,21690.575
2013-05-01,21481.0,9008.1,3667.8,1682.8,1523.8,3180.0,2940.5,22003.0,21967.0,2013,5,2.5647001789976143,21736.425
2013-06-01,20984.5,9025.9,3661.0,1689.0,1538.0,3110.3,2970.5,21994.7,22017.9,2013,6,1.2983125161195375,21759.916666666668
2013-07-01,21474.2,9098.7,3729.9,1712.6,1427.5,3116.1,2959.8,22044.6,22092.5,2013,7,2.186065915727986,21799.216666666664
2013-08-01,22024.0,9132.9,3742.7,1744.4,1513.6,3084.3,2985.6,22203.5,22197.7,2013,8,2.7987406824389938,21849.591666666664
2013-09-01,21551.9,9134.2,3708.6,1782.9,1559.5,3170.6,2996.4,22352.2,22328.4,2013,9,3.079157923862663,21905.233333333334
2013-10-01,22853.7,9154.0,3689.2,1794.2,1520.8,3198.2,3073.2,22429.7,22471.3,2013,10,3.7456232452508953,21972.716666666664
2013-11-01,23771.3,9158.7,3734.7,1822.8,1507.7,3279.6,3127.9,22631.3,22617.5,2013,11,4.932421467485804,22061.36666666667
2013-12-01,29137.6,9411.6,3785.8,1761.3,1524.1,3222.5,3170.1,22875.4,22900.0,2013,12,5.855622397038407,22166.816666666666
2014-01-01,22960.6,9508.0,3822.4,1772.9,1533.2,3239.3,3223.6,23099.3,23000.5,2014,1,6.253018643140029,22280.100000000002
2014-02-01,20295.0,9418.0,3872.8,1790.5,1502.6,3290.8,3217.7,23092.5,23068.5,2014,2,5.022239201026002,22372.125
2014-03-01,22386.2,9453.8,3882.9,1768.6,1479.1,3261.1,3261.1,23106.6,23113.6,2014,3,5.682831673839761,22475.666666666668
2014-04-01,21975.8,9457.4,3872.6,1758.0,1537.2,3272.2,3262.4,23159.8,23150.0,2014,4,5.872403452311281,22582.716666666664
2014-05-01,22620.1,9490.2,3859.3,1731.5,1495.5,3260.7,3266.4,23103.6,23195.6,2014,5,5.002045175657854,22674.433333333334
2014-06-01,22061.3,9566.2,3920.0,1743.3,1484.2,3267.9,3242.8,23224.4,23261.4,2014,6,5.590892351339183,22776.90833333333
2014-07-01,22917.2,9603.9,3935.9,1753.3,1541.1,3275.0,3294.9,23403.9,23343.3,2014,7,6.166135924444105,22890.183333333334
2014-08-01,22898.2,9642.4,3923.3,1771.7,1477.4,3324.6,3298.0,23437.4,23429.6,2014,8,5.557231967932985,22993.008333333335
2014-09-01,23057.2,9664.3,4081.1,1783.9,1520.9,3308.8,3323.2,23682.3,23665.6,2014,9,5.950644679270933,23103.850000000002
2014-10-01,24332.7,9706.1,4115.4,1801.6,1513.9,3345.0,3289.8,23771.8,23743.4,2014,10,5.983584265505115,23215.691666666666
2014-11-01,24793.5,9740.9,4139.5,1782.3,1529.8,3266.8,3318.9,23778.1,23819.9,2014,11,5.067318271597299,23311.25833333333
2014-12-01,30425.9,9742.6,4117.9,1828.1,1527.6,3304.5,3327.9,23848.6,23896.9,2014,12,4.2543518364706046,23392.358333333334
2015-01-01,23924.6,9721.1,4150.8,1829.8,1550.2,3333.7,3390.4,23976.0,23976.4,2015,1,3.7953531059382817,23465.416666666668
2015-02-01,21239.9,9808.6,4227.2,1835.5,1491.3,3398.7,3383.8,24145.1,24055.2,2015,2,4.558189888491926,23553.13333333333
2015-03-01,23584.2,9790.7,4188.9,1873.4,1560.6,3372.7,3340.4,24126.7,24131.2,2015,3,4.414755957172423,23638.141666666666
2015-04-01,22812.9,9818.0,4197.6,1903.8,1535.1,3355.1,3378.8,24188.4,24206.2,2015,4,4.441316418967367,23723.858333333334
2015-05-01,23532.6,9857.7,4230.7,1877.3,1520.7,3368.8,3372.7,24227.9,24283.5,2015,5,4.8663411762669195,23817.550000000003
2015-06-01,23293.5,9883.9,4301.5,1822.3,1512.3,3434.4,3424.1,24378.6,24366.9,2015,6,4.96977316959748,23913.733333333334
2015-07-01,24015.9,9888.5,4282.2,1898.6,1587.0,3402.7,3419.2,24478.1,24459.0,2015,7,4.5898333183785445,24003.25
2015-08-01,23824.2,9918.4,4325.4,1882.6,1590.1,3455.8,3394.2,24566.5,24558.3,2015,8,4.817513888059244,24097.341666666664
2015-09-01,24008.9,9935.2,4345.9,1895.8,1544.1,3505.4,3412.8,24639.2,24655.8,2015,9,4.040570383788733,24177.083333333332
2015-10-01,25447.3,10012.5,4366.1,1888.8,1593.5,3502.0,3398.1,24760.9,24746.2,2015,10,4.160812391152557,24259.50833333333
2015-11-01,25783.5,10029.1,4387.3,1887.7,1591.5,3487.0,3430.7,24813.2,24832.3,2015,11,4.353165307572948,24345.766666666666
2015-12-01,31923.0,10080.9,4400.8,1917.8,1594.8,3484.3,3432.8,24911.3,24909.0,2015,12,4.456026768866939,24434.325
2016-01-01,24753.1,10050.7,4400.7,1936.0,1612.1,3554.8,3443.6,24997.9,24972.8,2016,1,4.262178845512188,24519.483333333337
2016-02-01,22734.9,10050.5,4398.9,1956.0,1592.4,3550.9,3441.3,24990.0,25017.7,2016,2,3.4992607195662995,24589.891666666663
2016-03-01,24517.3,10088.9,4443.6,1976.1,1587.6,3560.4,3463.2,25119.9,25043.6,2016,3,4.1166011099736055,24672.658333333336
2016-04-01,23975.9,10025.7,4417.4,1979.3,1582.6,3587.3,3493.6,25085.9,25063.1,2016,4,3.7104562517570328,24747.45
2016-05-01,24143.5,10065.7,4334.9,1936.9,1569.5,3603.2,3489.0,24999.2,25095.1,2016,5,3.183519826315928,24811.725000000002
2016-06-01,24165.3,10108.8,4357.6,2003.5,1584.7,3610.1,3506.6,25171.3,25152.2,2016,6,3.251622324497716,24877.783333333336
2016-07-01,24563.7,10104.5,4342.8,2004.4,1539.0,3617.7,3548.3,25156.6,25238.8,2016,7,2.771865463414236,24934.325
2016-08-01,24591.3,10205.3,4398.4,1998.4,1545.1,3581.8,3610.2,25339.1,25348.5,2016,8,3.144933140659023,24998.708333333332
2016-09-01,25063.6,10243.2,4510.1,2008.9,1539.1,3623.8,3625.2,25550.3,25464.9,2016,9,3.6977661612390023,25074.633333333335
2016-10-01,25974.6,10269.2,4539.9,1987.3,1538.8,3630.3,3626.5,25592.0,25564.7,2016,10,3.35650158112184,25143.891666666666
2016-11-01,26781.1,10335.4,4513.3,1980.8,1526.3,3649.0,3602.3,25606.9,25632.1,2016,11,3.198700691567402,25210.03333333333
2016-12-01,33100.2,10387.7,4441.9,2049.4,1551.8,3655.5,3623.6,25709.8,25671.1,2016,12,3.205372662205508,25276.575
2017-01-01,25306.2,10382.9,4500.5,2030.7,1555.8,3616.0,3641.9,25727.8,25698.3,2017,1,2.919845267002419,25337.399999999998
2017-02-01,22615.0,10420.8,4452.1,1972.1,1544.8,3641.5,3646.6,25677.9,25733.7,2017,2,2.752701080432174,25394.725000000002
2017-03-01,25113.5,10390.6,4442.8,1982.7,1547.1,3697.0,3629.1,25689.2,25788.8,2017,3,2.266330678067985,25442.166666666668
2017-04-01,24583.1,10428.6,4481.1,2009.5,1608.5,3697.8,3655.7,25881.1,25854.5,2017,4,3.1699081954404518,25508.43333333333
2017-05-01,25133.2,10439.2,4544.2,2017.7,1552.9,3713.0,3676.9,25944.0,25915.0,2017,5,3.7793209382700255,25587.166666666668
2017-06-01,25167.5,10451.1,4592.5,2009.3,1548.4,3719.8,3696.0,26017.1,25951.9,2017,6,3.3601760735440633,25657.649999999998
2017-07-01,25278.6,10479.7,4533.8,2046.7,1542.7,3752.3,3704.3,26059.6,25966.0,2017,7,3.5895152763091964,25732.899999999998
2017-08-01,25275.4,10451.1,4495.6,2021.0,1526.0,3746.8,3655.8,25896.4,25971.1,2017,8,2.1993677754932106,25779.341666666664
2017-09-01,25348.7,10521.1,4456.1,2012.3,1559.0,3709.4,3679.5,25937.4,25992.8,2017,9,1.5150507039056293,25811.599999999995
2017-10-01,26397.1,10562.0,4452.2,2011.5,1568.1,3676.8,3730.3,26001.0,26048.7,2017,10,1.5981556736480051,25845.68333333333
2017-11-01,27707.3,10578.4,4598.9,2022.9,1539.8,3771.7,3748.5,26260.1,26138.1,2017,11,2.5508749594835622,25900.11666666667
2017-12-01,33639.0,10726.9,4583.3,2054.3,1555.3,3742.7,3759.3,26421.8,26242.8,2017,12,2.7693719904472225,25959.449999999997
2018-01-01,25896.0,10679.8,4580.9,2047.2,1546.1,3756.8,3754.3,26365.1,26344.5,2018,1,2.4770870420323554,26012.55833333333
2018-02-01,23300.7,10699.4,4588.2,2070.6,1549.6,3768.0,3778.4,26454.2,26426.2,2018,2,3.0232223040046025,26077.25
2018-03-01,26218.0,10766.8,4567.4,2041.1,1550.2,3758.8,3736.0,26420.3,26488.9,2018,3,2.8459430422122844,26138.175
2018-04-01,24883.3,10804.5,4611.5,2051.7,1542.5,3752.6,3775.2,26538.1,26545.8,2018,4,2.538531978934433,26192.925000000003
2018-05-01,25954.1,10834.0,4595.4,2107.1,1594.4,3759.7,3721.9,26612.5,26614.3,2018,5,2.576703669441871,26248.63333333333
2018-06-01,25827.2,10846.8,4604.9,2109.8,1576.0,3790.3,3775.5,26703.3,26693.6,2018,6,2.637496108328752,26305.816666666666
2018-07-01,25935.6,10877.1,4562.3,2084.6,1541.4,3851.0,3808.1,26724.6,26776.5,2018,7,2.551842699043738,26361.233333333334
2018-08-01,26340.6,10931.9,4588.8,2102.4,1559.7,3893.0,3852.9,26928.7,26850.1,2018,8,3.9862683616255445,26447.25833333333
2018-09-01,26063.9,10954.6,4596.8,2083.1,1564.1,3871.5,3846.1,26916.1,26917.9,2018,9,3.7733157525426497,26528.816666666666
2018-10-01,27407.7,11000.3,4644.7,2138.8,1567.5,3891.9,3809.9,27052.9,26987.4,2018,10,4.045613630245004,26616.475000000002
2018-11-01,28609.2,10981.2,4587.6,2091.8,1540.4,3860.9,3791.2,26853.1,27059.3,2018,11,2.2581787578874524,26665.891666666666
2018-12-01,34361.4,11177.9,4573.6,2109.3,1567.5,3898.3,3883.8,27210.5,27126.7,2018,12,2.9850350846649443,26731.61666666667
2019-01-01,26748.0,11179.2,4588.7,2110.0,1545.4,3894.2,3885.2,27202.7,27184.6,2019,1,3.1769270740486633,26801.416666666668
2019-02-01,24049.2,11229.0,4578.7,2148.0,1568.4,3910.0,3874.9,27308.9,27228.6,2019,2,3.230866932282961,26872.641666666666
2019-03-01,26660.6,11253.7,4563.6,2145.4,1538.6,3883.3,3906.1,27290.7,27260.6,2019,3,3.2944364749832644,26945.175000000003
2019-04-01,25937.2,11185.8,4516.6,2123.8,1567.9,3905.2,3868.4,27167.8,27284.6,2019,4,2.3728149340005444,26997.649999999998
2019-05-01,26708.0,11220.7,4562.7,2149.5,1578.3,3931.5,3872.0,27314.8,27316.5,2019,5,2.6389854391733136,27056.175
2019-06-01,26311.9,11177.6,4582.6,2179.6,1568.9,3969.2,3902.7,27380.7,27362.0,2019,6,2.536765118917894,27112.625
2019-07-01,26603.4,11222.2,4609.2,2169.4,1550.6,3964.8,3887.3,27403.5,27429.4,2019,7,2.5403560764239774,27169.2
2019-08-01,27106.8,11253.8,4616.9,2206.7,1578.4,3998.9,3888.5,27543.4,27509.9,2019,8,2.28269467148432,27220.425000000003
2019-09-01,26586.5,11302.5,4627.1,2184.8,1572.7,4003.1,3897.8,27588.1,27593.5,2019,9,2.496646988233797,27276.425
2019-10-01,28147.1,11395.8,4646.7,2176.9,1577.7,3995.4,3904.3,27696.8,27669.8,2019,10,2.380151480987247,27330.083333333332
2019-11-01,29527.1,11351.4,4649.8,2163.1,1595.8,3931.8,3943.8,27635.7,27737.0,2019,11,2.9143748766436772,27395.3
2019-12-01,35210.2,11517.7,4681.7,2205.6,1589.9,3994.5,3950.7,27940.0,27798.5,2019,12,2.680950368423951,27456.091666666664
2020-01-01,27321.3,11528.8,4652.4,2179.2,1566.0,3963.9,3958.2,27848.6,27859.8,2020,1,2.3743966591551535,27509.916666666668
2020-02-01,25436.2,11569.7,4639.0,2103.3,1589.6,3990.6,3952.3,27844.6,27928.3,2020,2,1.961631556012855,27554.558333333334
2020-03-01,29167.9,14293.2,5002.2,1601.1,1425.3,4593.5,3017.6,29932.9,,2020,3,9.681686435305803,27774.741666666665
2020-04-01,23628.7,11857.7,5056.1,753.5,1245.0,3962.2,1953.0,24827.5,,2020,4,-8.614241859848793,27579.716666666664
2020-05-01,28194.7,12630.8,5858.6,1726.4,1756.2,4305.6,2525.5,28803.1,,2020,5,5.448694480647842,27703.74166666667
2020-06-01,28576.6,12690.7,5680.7,2091.4,1568.3,4329.7,3238.1,29599.0,,2020,6,8.101692067770362,27888.600000000002
2020-07-01,30020.7,12937.0,6005.7,2258.3,1631.4,4564.8,3410.6,30807.8,,2020,7,12.422865692338569,28172.291666666668
2020-08-01,28579.5,12881.9,5592.2,1993.3,1467.5,4343.6,3215.6,29494.1,,2020,8,7.082277423992678,28334.849999999995
2020-09-01,28349.8,12722.1,5367.8,1970.4,1477.5,4290.5,3299.5,29127.9,,2020,9,5.58139197697558,28463.166666666668
2020-10-01,30340.0,12755.8,5375.2,2118.2,1589.5,4386.0,3479.9,29704.6,,2020,10,7.24921290546201,28630.483333333334
2020-11-01,33119.3,12634.4,5915.8,2499.2,1831.7,4615.5,3710.1,31206.6,,2020,11,12.921330018780042,28928.058333333334
2020-12-01,38903.2,12739.8,5545.5,2460.8,1702.8,4553.7,3871.1,30873.6,,2020,12,10.499642090193273,29172.524999999998
2021-01-01,30108.5,12744.2,5571.7,2349.1,1679.0,4561.5,3868.5,30774.0,,2021,1,10.504657325682443,29416.308333333334
2021-02-01,26777.2,12401.3,5541.2,2383.7,1672.1,4552.2,3866.4,30416.9,,2021,2,9.238056930248595,29630.666666666668
2021-03-01,30336.0,12252.1,5515.2,2483.8,1786.9,4575.9,4009.8,30623.7,,2021,3,2.3078285097668516,29688.233333333337
2021-04-01,29266.9,12364.7,5619.7,2531.9,1712.3,4643.7,4104.9,30977.2,,2021,4,24.769711005940987,30200.708333333332
2021-05-01,30216.8,12479.2,5533.1,2526.5,1667.7,4659.5,4105.7,30971.6,,2021,5,7.528703507608547,30381.416666666668
2021-06-01,29433.8,12701.3,5498.3,2308.6,1572.2,4625.8,3856.4,30562.5,,2021,6,3.2551775397817506,30461.708333333332
2021-07-01,29172.7,12928.8,5417.0,1972.9,1395.8,4673.4,3401.3,29789.2,,2021,7,-3.3063055459980895,30376.825
2021-08-01,28368.7,13224.9,5262.2,1631.0,1219.3,4717.7,3180.0,29235.1,,2021,8,-0.8781417300409267,30355.24166666667
2021-09-01,28901.7,13107.5,5474.6,1757.9,1236.1,4821.0,3340.2,29737.2,,2021,9,2.091808884265589,30406.016666666666
2021-10-01,31709.1,13043.1,5725.5,2228.2,1528.8,4930.8,3778.8,31235.3,,2021,10,5.153073934676788,30533.575
2021-11-01,35171.1,12554.0,6266.2,2857.0,1849.0,5131.9,4096.1,32754.2,,2021,11,4.959207347163752,30662.541666666668
2021-12-01,40863.3,13142.7,5847.8,2644.9,1569.8,5151.7,4156.4,32513.4,,2021,12,5.311333955223896,30799.191666666666
2022-01-01,31862.0,13313.1,5912.4,2527.9,1618.8,5258.5,4136.5,32767.2,,2022,1,6.476896081107442,30965.291666666668
2022-02-01,29208.8,12941.0,5991.0,2802.0,1747.5,5211.5,4483.7,33176.7,,2022,2,9.073245465514223,31195.274999999998
2022-03-01,32830.9,12933.1,6152.2,2836.9,1804.9,5271.2,4544.7,33543.0,,2022,3,9.532812821442205,31438.55
2022-04-01,32535.1,13149.6,6056.6,2893.5,1809.3,5315.1,4685.3,33909.3,,2022,4,9.46534870808209,31682.891666666666
2022-05-01,33287.1,13179.6,6024.0,2880.0,1840.9,5361.8,4762.3,34048.6,,2022,5,9.934908109364704,31939.30833333333
2022-06-01,33035.5,13268.0,6012.8,2950.7,1845.5,5416.7,4904.1,34397.9,,2022,6,12.549366053169742,32258.925
2022-07-01,33800.0,13380.9,6019.0,2983.9,1880.5,5500.6,4965.0,34729.8,34662.4,2022,7,16.585205376445167,32670.641666666666
2022-08-01,33877.5,13480.3,6132.8,2955.2,1892.8,5373.3,5018.9,34853.2,34852.0,2022,8,19.21696864385618,33138.816666666666
2022-09-01,34276.8,13606.3,6064.2,2983.5,1885.7,5380.4,5087.8,35007.9,34988.8,2022,9,17.724264557523917,33578.041666666664
2022-10-01,35496.2,13705.9,6028.5,2983.1,1888.8,5390.4,5135.0,35131.8,35080.7,2022,10,12.474668083866657,33902.75
2022-11-01,37866.8,13843.0,5921.8,3030.0,1856.9,5411.8,5153.3,35216.8,35142.0,2022,11,7.518425118000138,34107.96666666667
2022-12-01,44046.3,13866.8,5922.5,2852.3,1816.4,5310.4,5167.9,34936.2,35196.1,2022,12,7.451696838841815,34309.86666666667
2023-01-01,34338.4,13960.5,5867.5,2988.4,1894.0,5371.0,5236.2,35317.6,35253.2,2023,1,7.783393149246809,34522.4
2023-02-01,31104.6,13980.3,5863.8,2965.1,1871.7,5383.9,5253.4,35318.2,35306.6,2023,2,6.454831252053395,34700.85833333333
2023-03-01,34675.4,14037.0,5830.9,2964.5,1887.1,5367.4,5331.2,35418.1,35341.8,2023,3,5.590138031780101,34857.11666666667
2023-04-01,33602.6,13996.4,5775.4,3015.5,1929.2,5346.9,5308.0,35371.4,35360.7,2023,4,4.311796468815343,34978.958333333336
2023-05-01,34724.2,13975.3,5754.2,2991.7,1906.0,5465.0,5354.4,35446.6,35363.6,2023,5,4.105895690278016,35095.458333333336
2023-06-01,34042.4,14017.4,5758.0,2939.0,1804.5,5356.6,5337.2,35212.6,35378.6,2023,6,2.368458539620133,35163.35
2023-07-01,34263.0,14018.2,5744.6,2964.7,1873.9,5380.3,5403.1,35384.8,35417.7,2023,7,1.885988401891181,35217.933333333334
2023-08-01,34539.7,14011.6,5738.4,2987.2,1884.2,5387.7,5413.0,35422.1,35477.9,2023,8,1.6322747982968622,35265.34166666667
2023-09-01,34981.9,14076.9,5829.1,2999.7,1921.9,5465.2,5384.0,35676.9,35541.7,2023,9,1.9109972320533464,35321.09166666667
2023-10-01,35946.9,14163.8,5750.5,2972.4,1894.2,5402.4,5364.1,35547.4,35595.6,2023,10,1.182973829977385,35355.725
2023-11-01,38649.0,14238.4,5921.3,3009.8,1918.7,5467.3,5371.0,35926.5,35627.2,2023,11,2.015231366847625,35414.86666666667
2023-12-01,44158.6,14095.2,5743.9,2870.9,1887.1,5441.0,5265.9,35304.0,35641.6,2023,12,1.0527762034794996,35445.51666666667
2024-01-01,34734.9,14228.4,5756.8,2940.7,1875.9,5502.8,5367.3,35671.9,35661.2,2024,1,1.0031825492105906,35475.041666666664
2024-02-01,32745.3,14216.7,5722.4,3075.6,1901.0,5532.8,5398.5,35847.0,35710.1,2024,2,1.4972450464633136,35519.10833333333
2024-03-01,35136.7,14316.1,5661.8,2942.5,1879.7,5510.5,5394.2,35704.8,35795.5,2024,3,0.8094731224995266,35543.0
2024-04-01,34020.9,14262.4,5708.9,2957.0,1897.2,5609.5,5410.1,35845.0,35912.3,2024,4,1.338934845666273,35582.46666666667
2024-05-01,35455.4,14434.7,5777.4,2986.1,1871.7,5635.4,5402.8,36108.1,36043.9,2024,5,1.8661874481614493,35637.59166666667
2024-06-01,34766.2,14448.2,5833.5,3002.1,1893.0,5684.1,5389.6,36250.5,36184.5,2024,6,2.947524465674234,35724.083333333336
2024-07-01,35169.4,14466.5,5835.8,3000.0,1890.0,5673.1,5393.2,36258.7,36325.5,2024,7,2.469704505889525,35796.90833333333
2024-08-01,35930.3,14545.8,5797.8,3033.9,1916.3,5752.3,5439.0,36485.0,36474.8,2024,8,3.0006690738267894,35885.48333333334
2024-09-01,35311.2,14535.5,5866.1,3038.9,1903.3,5765.4,5476.2,36585.3,36617.3,2024,9,2.5461853468210505,35961.183333333334
2024-10-01,37317.8,14565.8,5936.0,3016.5,1917.8,5838.3,5483.9,36758.2,36749.9,2024,10,3.4061562870983497,36062.083333333336
2024-11-01,40227.1,14612.4,5974.1,3059.4,1912.6,5845.7,5557.8,36962.0,36875.0,2024,11,2.88227353068069,36148.375
2024-12-01,45943.1,14570.2,6165.9,3010.2,1918.9,5737.8,5514.1,36917.1,36982.6,2024,12,4.569170632222974,36282.799999999996
2025-01-01,36169.3,14699.6,5906.4,3081.6,1935.3,5892.2,5569.3,37084.4,37067.4,2025,1,3.959699371213765,36400.50833333334
2025-02-01,32744.3,14787.4,5892.4,3094.0,1961.7,5838.6,5576.6,37150.7,37138.2,2025,2,3.636845482188189,36509.15
2025-03-01,36277.1,14894.7,5888.3,3090.1,1947.9,5876.8,5543.8,37241.7,37202.0,2025,3,4.304463265443292,36637.225
2025-04-01,35382.3,14863.4,5937.0,3003.1,1892.2,5918.6,5610.2,37224.4,37258.9,2025,4,3.848235458222904,36752.174999999996
2025-05-01,36907.1,14806.7,5939.7,3090.6,1941.2,5904.9,5609.9,37293.0,37304.5,2025,5,3.2815351680093974,36850.916666666664
